{"cameraMode":{"drawMode":0,"name":"Shaded","section":"Shading Mode"},"sceneLighting":false,"audioPlay":false,"sceneViewState":{"showFog":true,"showMaterialUpdate":true,"showSkybox":true,"showFlares":true,"showImageEffects":true,"showParticleSystems":true},"in2DMode":false,"pivot":{"x":5.048992156982422,"y":0.3462867736816406,"z":4.4606170654296879},"rotation":{"x":-0.3757230043411255,"y":0.009730415418744088,"z":-0.003945234697312117,"w":-0.9266725778579712},"size":15.483614921569825,"orthographic":false}