{"cameraMode":{"drawMode":0,"name":"Shaded","section":"Shading Mode"},"sceneLighting":false,"audioPlay":false,"sceneViewState":{"showFog":true,"showMaterialUpdate":true,"showSkybox":true,"showFlares":true,"showImageEffects":true,"showParticleSystems":true},"in2DMode":false,"pivot":{"x":-5.0,"y":2.380499839782715,"z":0.5494999885559082},"rotation":{"x":-0.3757230043411255,"y":0.009730415418744088,"z":-0.003945234697312117,"w":-0.9266725778579712},"size":2.1644017696380617,"orthographic":false}